key,total_ms,count,avg_ms,min_ms,max_ms
L00/minicpm4/attn/decode,25.279,8,3.159872,0.316288,22.662657
L00/minicpm4/attn/prefill,3844.721,28,137.311477,0.643296,354.196014
L00/minicpm4/attn_kernel/decode,2.241,8,0.280104,0.125728,1.131040
L00/minicpm4/attn_kernel/prefill,3432.085,28,122.574472,0.203456,336.944580
L00/minicpm4/input_norm/decode,0.843,8,0.105364,0.029696,0.564000
L00/minicpm4/input_norm/prefill,9.108,28,0.325275,0.058624,0.365824
L00/minicpm4/mlp/decode,1.124,8,0.140476,0.100480,0.403968
L00/minicpm4/mlp/prefill,1674.941,28,59.819312,0.117824,71.455841
L00/minicpm4/o_gate/decode,2.809,8,0.351144,0.049440,2.407776
L00/minicpm4/o_gate/prefill,144.896,28,5.174846,0.081760,6.119552
L00/minicpm4/o_proj/decode,0.328,8,0.040948,0.033824,0.069088
L00/minicpm4/o_proj/prefill,124.842,28,4.458627,0.051520,5.308928
L00/minicpm4/post_attn_norm/decode,4.599,8,0.574864,0.039072,4.291968
L00/minicpm4/post_attn_norm/prefill,30.486,28,1.088787,0.037376,1.231744
L00/minicpm4/qkv_proj/decode,19.410,8,2.426292,0.048928,18.956064
L00/minicpm4/qkv_proj/prefill,142.682,28,5.095790,0.220512,5.993376
L01/lightning-attn/attn/decode,10.230,8,1.278756,0.578464,5.309568
L01/lightning-attn/attn/prefill,935.034,28,33.394075,0.971168,45.942112
L01/lightning-attn/input_norm/decode,0.124,8,0.015480,0.004096,0.035072
L01/lightning-attn/input_norm/prefill,8.931,28,0.318968,0.004096,0.362624
L01/lightning-attn/mlp/decode,0.830,8,0.103708,0.098720,0.111424
L01/lightning-attn/mlp/prefill,1716.990,28,61.321088,0.111232,70.616447
L01/lightning-attn/post_attn_norm/decode,0.328,8,0.041032,0.037952,0.048832
L01/lightning-attn/post_attn_norm/prefill,30.653,28,1.094766,0.015392,1.389216
L01/lightning/chunk_simple_gla/prefill,79.323,27,2.937874,0.453568,13.081568
L01/lightning/fla_kernel/decode,6.043,8,0.755396,0.266016,3.473984
L01/lightning/fla_kernel/prefill,88.715,28,3.168383,0.632608,13.181408
L01/lightning/fla_state_load/decode,0.689,8,0.086160,0.040384,0.372064
L01/lightning/fla_state_load/prefill,3.757,28,0.134195,0.033184,1.675968
L01/lightning/fla_state_save/decode,0.387,8,0.048316,0.038432,0.088320
L01/lightning/fla_state_save/prefill,0.568,28,0.020289,0.012736,0.093664
L01/lightning/fused_recurrent_gla/decode,4.576,8,0.571960,0.140384,2.945120
L01/lightning/fused_recurrent_gla/prefill,1.649,1,1.648640,1.648640,1.648640
L01/lightning/o_norm/decode,0.245,8,0.030604,0.026528,0.040800
L01/lightning/o_norm/prefill,8.800,28,0.314275,0.032672,0.496704
L01/lightning/o_proj/decode,0.288,8,0.036048,0.032160,0.045280
L01/lightning/o_proj/prefill,133.317,28,4.761313,0.054400,7.391040
L01/lightning/qk_norm/decode,0.359,8,0.044864,0.030816,0.064928
L01/lightning/qk_norm/prefill,72.878,28,2.602781,0.025760,3.517504
L01/lightning/qkv_proj/decode,0.353,8,0.044112,0.038016,0.056608
L01/lightning/qkv_proj/prefill,383.447,28,13.694551,0.046048,18.910721
L01/lightning/rope/decode,1.820,8,0.227500,0.050176,1.437952
L01/lightning/rope/prefill,91.476,28,3.266998,0.022144,4.279936
L01/lightning/sigmoid_gate/decode,0.434,8,0.054300,0.046432,0.073952
L01/lightning/sigmoid_gate/prefill,156.141,28,5.576456,0.093120,8.317536
L02/lightning-attn/attn/decode,4.499,8,0.562344,0.528320,0.626528
L02/lightning-attn/attn/prefill,895.145,28,31.969473,0.616576,36.780254
L02/lightning-attn/input_norm/decode,0.096,8,0.012040,0.004096,0.024448
L02/lightning-attn/input_norm/prefill,8.960,28,0.320005,0.006112,0.364544
L02/lightning-attn/mlp/decode,0.820,8,0.102496,0.099360,0.106432
L02/lightning-attn/mlp/prefill,1731.492,28,61.838984,0.104416,73.304382
L02/lightning-attn/post_attn_norm/decode,0.306,8,0.038196,0.037056,0.040672
L02/lightning-attn/post_attn_norm/prefill,30.448,28,1.087446,0.007616,1.232448
L02/lightning/chunk_simple_gla/prefill,61.554,27,2.279775,0.175904,2.744704
L02/lightning/fla_kernel/decode,1.939,8,0.242392,0.228288,0.266176
L02/lightning/fla_kernel/prefill,64.788,28,2.313871,0.289696,2.829696
L02/lightning/fla_state_load/decode,0.292,8,0.036448,0.034336,0.040512
L02/lightning/fla_state_load/prefill,1.627,28,0.058119,0.023680,0.073792
L02/lightning/fla_state_save/decode,0.286,8,0.035800,0.030432,0.039040
L02/lightning/fla_state_save/prefill,0.516,28,0.018442,0.013728,0.042976
L02/lightning/fused_recurrent_gla/decode,1.002,8,0.125268,0.116352,0.142752
L02/lightning/fused_recurrent_gla/prefill,0.141,1,0.141280,0.141280,0.141280
L02/lightning/o_norm/decode,0.213,8,0.026588,0.025440,0.028320
L02/lightning/o_norm/prefill,8.205,28,0.293042,0.027296,0.346304
L02/lightning/o_proj/decode,0.265,8,0.033176,0.031968,0.035776
L02/lightning/o_proj/prefill,128.630,28,4.593915,0.034560,5.301728
L02/lightning/qk_norm/decode,0.337,8,0.042084,0.030976,0.050336
L02/lightning/qk_norm/prefill,72.110,28,2.575368,0.025888,2.937024
L02/lightning/qkv_proj/decode,0.329,8,0.041088,0.039264,0.046240
L02/lightning/qkv_proj/prefill,379.726,28,13.561645,0.053248,15.714944
L02/lightning/rope/decode,0.400,8,0.050024,0.047552,0.060672
L02/lightning/rope/prefill,90.879,28,3.245685,0.022144,3.679904
L02/lightning/sigmoid_gate/decode,0.373,8,0.046624,0.044864,0.050848
L02/lightning/sigmoid_gate/prefill,150.564,28,5.377283,0.050624,6.199808
L03/lightning-attn/attn/decode,4.336,8,0.541968,0.519840,0.567648
L03/lightning-attn/attn/prefill,901.594,28,32.199776,0.592576,36.674751
L03/lightning-attn/input_norm/decode,0.050,8,0.006288,0.003072,0.011904
L03/lightning-attn/input_norm/prefill,8.936,28,0.319159,0.006112,0.363520
L03/lightning-attn/mlp/decode,0.831,8,0.103932,0.098880,0.109152
L03/lightning-attn/mlp/prefill,1719.984,28,61.428008,0.102400,70.506622
L03/lightning-attn/post_attn_norm/decode,0.298,8,0.037300,0.035968,0.039360
L03/lightning-attn/post_attn_norm/prefill,30.440,28,1.087152,0.009088,1.230752
L03/lightning/chunk_simple_gla/prefill,60.751,27,2.250049,0.162048,2.579648
L03/lightning/fla_kernel/decode,1.846,8,0.230704,0.226144,0.238848
L03/lightning/fla_kernel/prefill,63.955,28,2.284095,0.265600,2.681280
L03/lightning/fla_state_load/decode,0.280,8,0.035048,0.032352,0.039040
L03/lightning/fla_state_load/prefill,1.610,28,0.057514,0.030976,0.112096
L03/lightning/fla_state_save/decode,0.280,8,0.034972,0.034048,0.035904
L03/lightning/fla_state_save/prefill,0.521,28,0.018602,0.015424,0.041472
L03/lightning/fused_recurrent_gla/decode,0.946,8,0.118212,0.113792,0.122560
L03/lightning/fused_recurrent_gla/prefill,0.122,1,0.122112,0.122112,0.122112
L03/lightning/o_norm/decode,0.215,8,0.026904,0.025280,0.032768
L03/lightning/o_norm/prefill,8.212,28,0.293294,0.026752,0.345248
L03/lightning/o_proj/decode,0.268,8,0.033464,0.031360,0.037760
L03/lightning/o_proj/prefill,129.127,28,4.611682,0.034528,5.291456
L03/lightning/qk_norm/decode,0.321,8,0.040084,0.029728,0.048320
L03/lightning/qk_norm/prefill,72.283,28,2.581527,0.025888,2.932032
L03/lightning/qkv_proj/decode,0.319,8,0.039864,0.038528,0.041888
L03/lightning/qkv_proj/prefill,385.601,28,13.771453,0.042464,16.257889
L03/lightning/rope/decode,0.378,8,0.047216,0.046080,0.049184
L03/lightning/rope/prefill,90.843,28,3.244403,0.022144,3.682976
L03/lightning/sigmoid_gate/decode,0.365,8,0.045604,0.044096,0.048224
L03/lightning/sigmoid_gate/prefill,151.321,28,5.404330,0.048512,6.197440
L04/lightning-attn/attn/decode,4.263,8,0.532908,0.504256,0.550624
L04/lightning-attn/attn/prefill,902.818,28,32.243485,0.597408,36.838688
L04/lightning-attn/input_norm/decode,0.035,8,0.004436,0.003072,0.007584
L04/lightning-attn/input_norm/prefill,8.945,28,0.319453,0.006112,0.365824
L04/lightning-attn/mlp/decode,0.821,8,0.102680,0.098432,0.109536
L04/lightning-attn/mlp/prefill,1726.535,28,61.661968,0.101056,70.567841
L04/lightning-attn/post_attn_norm/decode,0.310,8,0.038752,0.036992,0.042624
L04/lightning-attn/post_attn_norm/prefill,30.442,28,1.087206,0.008480,1.230720
L04/lightning/chunk_simple_gla/prefill,60.706,27,2.248385,0.159392,2.603328
L04/lightning/fla_kernel/decode,1.795,8,0.224420,0.214304,0.233504
L04/lightning/fla_kernel/prefill,63.855,28,2.280526,0.267456,2.684288
L04/lightning/fla_state_load/decode,0.269,8,0.033584,0.032000,0.034816
L04/lightning/fla_state_load/prefill,1.585,28,0.056614,0.024576,0.102112
L04/lightning/fla_state_save/decode,0.280,8,0.034960,0.032928,0.039520
L04/lightning/fla_state_save/prefill,0.517,28,0.018467,0.015392,0.040384
L04/lightning/fused_recurrent_gla/decode,0.912,8,0.114032,0.100928,0.121728
L04/lightning/fused_recurrent_gla/prefill,0.122,1,0.122464,0.122464,0.122464
L04/lightning/o_norm/decode,0.207,8,0.025856,0.025024,0.026784
L04/lightning/o_norm/prefill,8.194,28,0.292634,0.027776,0.336992
L04/lightning/o_proj/decode,0.267,8,0.033424,0.031488,0.038272
L04/lightning/o_proj/prefill,130.025,28,4.643754,0.033440,5.305856
L04/lightning/qk_norm/decode,0.318,8,0.039796,0.030432,0.043744
L04/lightning/qk_norm/prefill,72.252,28,2.580419,0.025984,2.923424
L04/lightning/qkv_proj/decode,0.317,8,0.039652,0.038528,0.042080
L04/lightning/qkv_proj/prefill,385.236,28,13.758414,0.042464,15.720128
L04/lightning/rope/decode,0.376,8,0.047048,0.045792,0.048256
L04/lightning/rope/prefill,90.902,28,3.246488,0.020096,3.686048
L04/lightning/sigmoid_gate/decode,0.357,8,0.044656,0.042752,0.047552
L04/lightning/sigmoid_gate/prefill,152.084,28,5.431575,0.046592,6.242656
L05/lightning-attn/attn/decode,4.246,8,0.530792,0.509120,0.555488
L05/lightning-attn/attn/prefill,900.210,28,32.150366,0.612480,36.948193
L05/lightning-attn/input_norm/decode,0.046,8,0.005708,0.003232,0.011968
L05/lightning-attn/input_norm/prefill,8.918,28,0.318488,0.006016,0.362624
L05/lightning-attn/mlp/decode,0.826,8,0.103236,0.098592,0.107328
L05/lightning-attn/mlp/prefill,1723.867,28,61.566688,0.102464,70.453667
L05/lightning-attn/post_attn_norm/decode,0.300,8,0.037468,0.036384,0.039616
L05/lightning-attn/post_attn_norm/prefill,30.429,28,1.086763,0.009344,1.228896
L05/lightning/chunk_simple_gla/prefill,60.350,27,2.235173,0.158144,2.558432
L05/lightning/fla_kernel/decode,1.775,8,0.221856,0.215296,0.231968
L05/lightning/fla_kernel/prefill,64.073,28,2.288315,0.274144,3.002784
L05/lightning/fla_state_load/decode,0.270,8,0.033688,0.031936,0.035936
L05/lightning/fla_state_load/prefill,1.769,28,0.063187,0.027456,0.336832
L05/lightning/fla_state_save/decode,0.272,8,0.033948,0.033184,0.034560
L05/lightning/fla_state_save/prefill,0.587,28,0.020971,0.013568,0.115680
L05/lightning/fused_recurrent_gla/decode,0.899,8,0.112368,0.106400,0.119200
L05/lightning/fused_recurrent_gla/prefill,0.392,1,0.392416,0.392416,0.392416
L05/lightning/o_norm/decode,0.208,8,0.025952,0.024960,0.027264
L05/lightning/o_norm/prefill,8.321,28,0.297183,0.028576,0.345088
L05/lightning/o_proj/decode,0.265,8,0.033184,0.031168,0.040032
L05/lightning/o_proj/prefill,129.552,28,4.626855,0.038016,5.293568
L05/lightning/qk_norm/decode,0.313,8,0.039124,0.029120,0.044736
L05/lightning/qk_norm/prefill,72.231,28,2.579685,0.025984,2.927808
L05/lightning/qkv_proj/decode,0.319,8,0.039884,0.038336,0.042592
L05/lightning/qkv_proj/prefill,383.540,28,13.697862,0.042336,15.675200
L05/lightning/rope/decode,0.393,8,0.049076,0.046624,0.055296
L05/lightning/rope/prefill,90.866,28,3.245218,0.020064,3.673760
L05/lightning/sigmoid_gate/decode,0.359,8,0.044888,0.043424,0.047520
L05/lightning/sigmoid_gate/prefill,151.364,28,5.405840,0.100928,6.170976
L06/lightning-attn/attn/decode,4.252,8,0.531452,0.507904,0.559296
L06/lightning-attn/attn/prefill,901.147,28,32.183814,0.598176,36.795807
L06/lightning-attn/input_norm/decode,0.039,8,0.004868,0.003520,0.009344
L06/lightning-attn/input_norm/prefill,8.933,28,0.319022,0.006112,0.361664
L06/lightning-attn/mlp/decode,0.823,8,0.102848,0.099392,0.109216
L06/lightning-attn/mlp/prefill,1725.428,28,61.622430,0.104256,70.480385
L06/lightning-attn/post_attn_norm/decode,0.297,8,0.037088,0.035488,0.039200
L06/lightning-attn/post_attn_norm/prefill,30.454,28,1.087642,0.008032,1.232064
L06/lightning/chunk_simple_gla/prefill,60.480,27,2.240004,0.156960,2.673888
L06/lightning/fla_kernel/decode,1.771,8,0.221356,0.213472,0.234176
L06/lightning/fla_kernel/prefill,63.548,28,2.269560,0.270176,2.745728
L06/lightning/fla_state_load/decode,0.268,8,0.033480,0.027712,0.036416
L06/lightning/fla_state_load/prefill,1.520,28,0.054299,0.024704,0.079104
L06/lightning/fla_state_save/decode,0.272,8,0.033992,0.033120,0.036096
L06/lightning/fla_state_save/prefill,0.522,28,0.018648,0.015552,0.042048
L06/lightning/fused_recurrent_gla/decode,0.893,8,0.111580,0.105600,0.118752
L06/lightning/fused_recurrent_gla/prefill,0.135,1,0.135200,0.135200,0.135200
L06/lightning/o_norm/decode,0.218,8,0.027188,0.025216,0.031232
L06/lightning/o_norm/prefill,8.254,28,0.294801,0.027456,0.344896
L06/lightning/o_proj/decode,0.261,8,0.032584,0.030624,0.034080
L06/lightning/o_proj/prefill,129.727,28,4.633090,0.034400,5.305792
L06/lightning/qk_norm/decode,0.317,8,0.039624,0.029472,0.046304
L06/lightning/qk_norm/prefill,72.195,28,2.578382,0.025888,2.925504
L06/lightning/qkv_proj/decode,0.318,8,0.039720,0.037088,0.047264
L06/lightning/qkv_proj/prefill,384.639,28,13.737096,0.045216,15.755232
L06/lightning/rope/decode,0.387,8,0.048380,0.046016,0.053120
L06/lightning/rope/prefill,90.904,28,3.246573,0.022176,3.682976
L06/lightning/sigmoid_gate/decode,0.364,8,0.045452,0.043328,0.046816
L06/lightning/sigmoid_gate/prefill,151.644,28,5.415842,0.048832,6.187488
L07/lightning-attn/attn/decode,4.230,8,0.528688,0.504448,0.553408
L07/lightning-attn/attn/prefill,899.899,28,32.139265,0.596448,36.603233
L07/lightning-attn/input_norm/decode,0.034,8,0.004308,0.003072,0.006336
L07/lightning-attn/input_norm/prefill,8.953,28,0.319742,0.006144,0.364608
L07/lightning-attn/mlp/decode,0.822,8,0.102720,0.099488,0.109312
L07/lightning-attn/mlp/prefill,1728.525,28,61.733040,0.102496,70.650108
L07/lightning-attn/post_attn_norm/decode,0.300,8,0.037496,0.036128,0.039616
L07/lightning-attn/post_attn_norm/prefill,30.452,28,1.087583,0.009088,1.230976
L07/lightning/chunk_simple_gla/prefill,60.212,27,2.230072,0.153312,2.506528
L07/lightning/fla_kernel/decode,1.757,8,0.219680,0.209056,0.227680
L07/lightning/fla_kernel/prefill,63.297,28,2.260590,0.266048,2.614624
L07/lightning/fla_state_load/decode,0.268,8,0.033452,0.030848,0.035552
L07/lightning/fla_state_load/prefill,1.517,28,0.054167,0.026304,0.078176
L07/lightning/fla_state_save/decode,0.270,8,0.033728,0.032896,0.036000
L07/lightning/fla_state_save/prefill,0.510,28,0.018213,0.013600,0.039264
L07/lightning/fused_recurrent_gla/decode,0.880,8,0.110060,0.102784,0.116768
L07/lightning/fused_recurrent_gla/prefill,0.121,1,0.120992,0.120992,0.120992
L07/lightning/o_norm/decode,0.210,8,0.026284,0.025216,0.027616
L07/lightning/o_norm/prefill,8.222,28,0.293646,0.027616,0.338048
L07/lightning/o_proj/decode,0.265,8,0.033136,0.031296,0.038048
L07/lightning/o_proj/prefill,129.768,28,4.634585,0.032928,5.299744
L07/lightning/qk_norm/decode,0.317,8,0.039652,0.030528,0.045920
L07/lightning/qk_norm/prefill,72.133,28,2.576175,0.025888,2.923712
L07/lightning/qkv_proj/decode,0.321,8,0.040104,0.038944,0.041536
L07/lightning/qkv_proj/prefill,383.972,28,13.713272,0.042528,15.679232
L07/lightning/rope/decode,0.370,8,0.046304,0.045184,0.047136
L07/lightning/rope/prefill,90.962,28,3.248649,0.022144,3.687072
L07/lightning/sigmoid_gate/decode,0.364,8,0.045512,0.042944,0.049312
L07/lightning/sigmoid_gate/prefill,151.311,28,5.403975,0.047392,6.181056
L08/lightning-attn/attn/decode,4.235,8,0.529320,0.498688,0.553280
L08/lightning-attn/attn/prefill,899.627,28,32.129543,0.589984,36.613823
L08/lightning-attn/input_norm/decode,0.030,8,0.003752,0.002944,0.005920
L08/lightning-attn/input_norm/prefill,8.911,28,0.318254,0.006112,0.363744
L08/lightning-attn/mlp/decode,0.812,8,0.101524,0.099328,0.106016
L08/lightning-attn/mlp/prefill,1725.560,28,61.627147,0.109792,70.457443
L08/lightning-attn/post_attn_norm/decode,0.292,8,0.036476,0.035136,0.038048
L08/lightning-attn/post_attn_norm/prefill,30.448,28,1.087434,0.009088,1.230464
L08/lightning/chunk_simple_gla/prefill,60.068,27,2.224756,0.151008,2.527744
L08/lightning/fla_kernel/decode,1.766,8,0.220784,0.210944,0.227648
L08/lightning/fla_kernel/prefill,63.138,28,2.254942,0.264448,2.633312
L08/lightning/fla_state_load/decode,0.275,8,0.034328,0.031744,0.038048
L08/lightning/fla_state_load/prefill,1.517,28,0.054184,0.026144,0.086336
L08/lightning/fla_state_save/decode,0.272,8,0.033968,0.033312,0.035552
L08/lightning/fla_state_save/prefill,0.528,28,0.018866,0.014912,0.041376
L08/lightning/fused_recurrent_gla/decode,0.887,8,0.110896,0.103616,0.116864
L08/lightning/fused_recurrent_gla/prefill,0.124,1,0.124416,0.124416,0.124416
L08/lightning/o_norm/decode,0.208,8,0.026060,0.024992,0.027648
L08/lightning/o_norm/prefill,8.282,28,0.295792,0.026208,0.345216
L08/lightning/o_proj/decode,0.264,8,0.033056,0.030528,0.037440
L08/lightning/o_proj/prefill,129.543,28,4.626534,0.033344,5.294272
L08/lightning/qk_norm/decode,0.314,8,0.039244,0.029632,0.043968
L08/lightning/qk_norm/prefill,72.209,28,2.578891,0.025888,2.923520
L08/lightning/qkv_proj/decode,0.325,8,0.040568,0.038784,0.045088
L08/lightning/qkv_proj/prefill,384.187,28,13.720970,0.042080,15.683200
L08/lightning/rope/decode,0.376,8,0.047044,0.045312,0.050688
L08/lightning/rope/prefill,90.875,28,3.245552,0.022144,3.679904
L08/lightning/sigmoid_gate/decode,0.357,8,0.044652,0.041792,0.047328
L08/lightning/sigmoid_gate/prefill,151.156,28,5.398432,0.047328,6.167040
L09/minicpm4/attn/decode,2.328,8,0.291056,0.272736,0.356288
L09/minicpm4/attn/prefill,3978.365,28,142.084478,0.230400,360.062225
L09/minicpm4/attn_kernel/decode,0.999,8,0.124908,0.111392,0.175360
L09/minicpm4/attn_kernel/prefill,3549.718,28,126.775650,0.040288,342.614136
L09/minicpm4/input_norm/decode,0.041,8,0.005172,0.003040,0.011072
L09/minicpm4/input_norm/prefill,8.924,28,0.318718,0.005120,0.362784
L09/minicpm4/mlp/decode,0.822,8,0.102784,0.099360,0.108128
L09/minicpm4/mlp/prefill,1730.908,28,61.818147,0.102752,70.863968
L09/minicpm4/o_gate/decode,0.374,8,0.046720,0.043904,0.051616
L09/minicpm4/o_gate/prefill,149.804,28,5.350158,0.047008,6.109856
L09/minicpm4/o_proj/decode,0.263,8,0.032892,0.030656,0.039936
L09/minicpm4/o_proj/prefill,129.753,28,4.634019,0.034464,5.311712
L09/minicpm4/post_attn_norm/decode,0.297,8,0.037092,0.035232,0.041312
L09/minicpm4/post_attn_norm/prefill,30.449,28,1.087462,0.009248,1.232768
L09/minicpm4/qkv_proj/decode,0.290,8,0.036268,0.033344,0.040000
L09/minicpm4/qkv_proj/prefill,148.930,28,5.318929,0.039808,6.070272
L10/lightning-attn/attn/decode,4.342,8,0.542772,0.514240,0.581984
L10/lightning-attn/attn/prefill,901.627,28,32.200956,0.605600,36.869438
L10/lightning-attn/input_norm/decode,0.039,8,0.004840,0.003104,0.013376
L10/lightning-attn/input_norm/prefill,8.933,28,0.319047,0.004384,0.363520
L10/lightning-attn/mlp/decode,0.819,8,0.102428,0.099296,0.106368
L10/lightning-attn/mlp/prefill,1730.794,28,61.814079,0.101312,70.997566
L10/lightning-attn/post_attn_norm/decode,0.295,8,0.036896,0.031168,0.040768
L10/lightning-attn/post_attn_norm/prefill,30.466,28,1.088063,0.009056,1.233472
L10/lightning/chunk_simple_gla/prefill,60.599,27,2.244392,0.167328,2.565600
L10/lightning/fla_kernel/decode,1.859,8,0.232372,0.223072,0.248928
L10/lightning/fla_kernel/prefill,64.022,28,2.286518,0.273248,2.748000
L10/lightning/fla_state_load/decode,0.287,8,0.035888,0.034752,0.036992
L10/lightning/fla_state_load/prefill,1.773,28,0.063315,0.023776,0.158560
L10/lightning/fla_state_save/decode,0.287,8,0.035892,0.034432,0.041504
L10/lightning/fla_state_save/prefill,0.524,28,0.018701,0.015392,0.043264
L10/lightning/fused_recurrent_gla/decode,0.946,8,0.118200,0.111616,0.125664
L10/lightning/fused_recurrent_gla/prefill,0.126,1,0.126080,0.126080,0.126080
L10/lightning/o_norm/decode,0.208,8,0.025976,0.025088,0.028032
L10/lightning/o_norm/prefill,8.240,28,0.294303,0.027328,0.340832
L10/lightning/o_proj/decode,0.265,8,0.033128,0.031232,0.037472
L10/lightning/o_proj/prefill,129.930,28,4.640371,0.033088,5.312000
L10/lightning/qk_norm/decode,0.318,8,0.039760,0.030240,0.045120
L10/lightning/qk_norm/prefill,72.177,28,2.577759,0.025600,2.924864
L10/lightning/qkv_proj/decode,0.310,8,0.038736,0.036736,0.041312
L10/lightning/qkv_proj/prefill,384.605,28,13.735910,0.043200,15.719072
L10/lightning/rope/decode,0.387,8,0.048436,0.046464,0.051968
L10/lightning/rope/prefill,90.928,28,3.247435,0.022144,3.679904
L10/lightning/sigmoid_gate/decode,0.362,8,0.045212,0.043136,0.048160
L10/lightning/sigmoid_gate/prefill,151.465,28,5.409456,0.047136,6.179168
L11/lightning-attn/attn/decode,4.259,8,0.532388,0.511616,0.554144
L11/lightning-attn/attn/prefill,900.945,28,32.176620,0.585312,36.623775
L11/lightning-attn/input_norm/decode,0.050,8,0.006252,0.004064,0.009184
L11/lightning-attn/input_norm/prefill,8.919,28,0.318527,0.006112,0.362624
L11/lightning-attn/mlp/decode,0.816,8,0.101960,0.098784,0.108448
L11/lightning-attn/mlp/prefill,1726.360,28,61.655728,0.103840,70.601379
L11/lightning-attn/post_attn_norm/decode,0.297,8,0.037084,0.036032,0.038016
L11/lightning-attn/post_attn_norm/prefill,30.437,28,1.087026,0.008832,1.230720
L11/lightning/chunk_simple_gla/prefill,60.298,27,2.233243,0.159584,2.546784
L11/lightning/fla_kernel/decode,1.784,8,0.222940,0.215552,0.233888
L11/lightning/fla_kernel/prefill,63.390,28,2.263946,0.265536,2.668928
L11/lightning/fla_state_load/decode,0.270,8,0.033756,0.031808,0.035072
L11/lightning/fla_state_load/prefill,1.552,28,0.055442,0.024416,0.079872
L11/lightning/fla_state_save/decode,0.273,8,0.034096,0.033568,0.035296
L11/lightning/fla_state_save/prefill,0.515,28,0.018386,0.013888,0.041216
L11/lightning/fused_recurrent_gla/decode,0.897,8,0.112140,0.106368,0.117824
L11/lightning/fused_recurrent_gla/prefill,0.124,1,0.123552,0.123552,0.123552
L11/lightning/o_norm/decode,0.214,8,0.026692,0.025216,0.032640
L11/lightning/o_norm/prefill,8.256,28,0.294867,0.027712,0.342144
L11/lightning/o_proj/decode,0.269,8,0.033672,0.031552,0.040960
L11/lightning/o_proj/prefill,129.698,28,4.632058,0.033056,5.292064
L11/lightning/qk_norm/decode,0.313,8,0.039108,0.030080,0.044480
L11/lightning/qk_norm/prefill,72.211,28,2.578957,0.025376,2.925824
L11/lightning/qkv_proj/decode,0.325,8,0.040608,0.038368,0.043616
L11/lightning/qkv_proj/prefill,384.849,28,13.744602,0.042048,15.716000
L11/lightning/rope/decode,0.378,8,0.047236,0.045184,0.050944
L11/lightning/rope/prefill,90.911,28,3.246823,0.022144,3.677856
L11/lightning/sigmoid_gate/decode,0.362,8,0.045280,0.043616,0.047232
L11/lightning/sigmoid_gate/prefill,151.399,28,5.407102,0.047040,6.175232
L12/lightning-attn/attn/decode,4.243,8,0.530384,0.508896,0.555104
L12/lightning-attn/attn/prefill,900.986,28,32.178086,0.582880,36.659584
L12/lightning-attn/input_norm/decode,0.037,8,0.004572,0.002720,0.008096
L12/lightning-attn/input_norm/prefill,8.954,28,0.319795,0.004096,0.364864
L12/lightning-attn/mlp/decode,0.831,8,0.103860,0.101760,0.107104
L12/lightning-attn/mlp/prefill,1727.726,28,61.704505,0.107104,70.560066
L12/lightning-attn/post_attn_norm/decode,0.296,8,0.037012,0.034912,0.038464
L12/lightning-attn/post_attn_norm/prefill,30.441,28,1.087174,0.009056,1.232160
L12/lightning/chunk_simple_gla/prefill,60.389,27,2.236642,0.158848,2.542272
L12/lightning/fla_kernel/decode,1.769,8,0.221116,0.216800,0.230272
L12/lightning/fla_kernel/prefill,63.455,28,2.266264,0.260640,2.647392
L12/lightning/fla_state_load/decode,0.268,8,0.033480,0.032064,0.034976
L12/lightning/fla_state_load/prefill,1.540,28,0.055014,0.023808,0.072736
L12/lightning/fla_state_save/decode,0.277,8,0.034572,0.032544,0.038912
L12/lightning/fla_state_save/prefill,0.513,28,0.018318,0.013920,0.042912
L12/lightning/fused_recurrent_gla/decode,0.886,8,0.110772,0.103776,0.115456
L12/lightning/fused_recurrent_gla/prefill,0.113,1,0.112896,0.112896,0.112896
L12/lightning/o_norm/decode,0.209,8,0.026072,0.025248,0.027200
L12/lightning/o_norm/prefill,8.241,28,0.294311,0.026688,0.341792
L12/lightning/o_proj/decode,0.269,8,0.033600,0.031936,0.038240
L12/lightning/o_proj/prefill,129.641,28,4.630039,0.033888,5.303808
L12/lightning/qk_norm/decode,0.318,8,0.039744,0.028064,0.046144
L12/lightning/qk_norm/prefill,72.224,28,2.579431,0.025440,2.925760
L12/lightning/qkv_proj/decode,0.325,8,0.040572,0.038176,0.044384
L12/lightning/qkv_proj/prefill,384.867,28,13.745250,0.041248,15.718368
L12/lightning/rope/decode,0.372,8,0.046496,0.045472,0.048000
L12/lightning/rope/prefill,90.882,28,3.245771,0.022144,3.677856
L12/lightning/sigmoid_gate/decode,0.371,8,0.046404,0.044128,0.050656
L12/lightning/sigmoid_gate/prefill,151.457,28,5.409161,0.053184,6.185280
L13/lightning-attn/attn/decode,4.266,8,0.533228,0.509792,0.603040
L13/lightning-attn/attn/prefill,901.258,28,32.187776,0.562720,36.908447
L13/lightning-attn/input_norm/decode,0.039,8,0.004936,0.003072,0.011680
L13/lightning-attn/input_norm/prefill,8.930,28,0.318912,0.003808,0.362528
L13/lightning-attn/mlp/decode,0.814,8,0.101788,0.099296,0.106976
L13/lightning-attn/mlp/prefill,1728.213,28,61.721899,0.101056,70.633789
L13/lightning-attn/post_attn_norm/decode,0.295,8,0.036876,0.035552,0.039456
L13/lightning-attn/post_attn_norm/prefill,30.441,28,1.087194,0.008064,1.230752
L13/lightning/chunk_simple_gla/prefill,60.485,27,2.240182,0.156512,2.587328
L13/lightning/fla_kernel/decode,1.786,8,0.223236,0.212384,0.272512
L13/lightning/fla_kernel/prefill,63.978,28,2.284915,0.249376,2.956672
L13/lightning/fla_state_load/decode,0.263,8,0.032932,0.031808,0.034432
L13/lightning/fla_state_load/prefill,1.830,28,0.065375,0.028064,0.324480
L13/lightning/fla_state_save/decode,0.271,8,0.033844,0.032864,0.036224
L13/lightning/fla_state_save/prefill,0.529,28,0.018891,0.013664,0.040128
L13/lightning/fused_recurrent_gla/decode,0.915,8,0.114400,0.104032,0.156576
L13/lightning/fused_recurrent_gla/prefill,0.113,1,0.112768,0.112768,0.112768
L13/lightning/o_norm/decode,0.199,8,0.024856,0.018240,0.027456
L13/lightning/o_norm/prefill,8.278,28,0.295630,0.025536,0.344384
L13/lightning/o_proj/decode,0.263,8,0.032936,0.031808,0.034816
L13/lightning/o_proj/prefill,129.663,28,4.630809,0.033344,5.293568
L13/lightning/qk_norm/decode,0.316,8,0.039444,0.029664,0.044896
L13/lightning/qk_norm/prefill,72.170,28,2.577488,0.025664,2.925248
L13/lightning/qkv_proj/decode,0.326,8,0.040740,0.037728,0.046080
L13/lightning/qkv_proj/prefill,384.761,28,13.741448,0.040512,15.724544
L13/lightning/rope/decode,0.379,8,0.047356,0.045632,0.052640
L13/lightning/rope/prefill,90.875,28,3.245537,0.022144,3.675808
L13/lightning/sigmoid_gate/decode,0.360,8,0.044952,0.042880,0.048384
L13/lightning/sigmoid_gate/prefill,151.311,28,5.403975,0.046048,6.160576
L14/lightning-attn/attn/decode,4.217,8,0.527076,0.500768,0.559456
L14/lightning-attn/attn/prefill,900.503,28,32.160829,0.575232,36.630913
L14/lightning-attn/input_norm/decode,0.053,8,0.006660,0.004000,0.017696
L14/lightning-attn/input_norm/prefill,8.915,28,0.318384,0.006112,0.362496
L14/lightning-attn/mlp/decode,0.809,8,0.101076,0.098816,0.105728
L14/lightning-attn/mlp/prefill,1726.421,28,61.657886,0.101824,70.506813
L14/lightning-attn/post_attn_norm/decode,0.292,8,0.036556,0.034784,0.038624
L14/lightning-attn/post_attn_norm/prefill,30.439,28,1.087090,0.009056,1.232736
L14/lightning/chunk_simple_gla/prefill,60.149,27,2.227757,0.214432,2.535040
L14/lightning/fla_kernel/decode,1.754,8,0.219276,0.208736,0.233600
L14/lightning/fla_kernel/prefill,63.308,28,2.261005,0.250528,2.637216
L14/lightning/fla_state_load/decode,0.265,8,0.033128,0.031840,0.034336
L14/lightning/fla_state_load/prefill,1.591,28,0.056819,0.029056,0.083808
L14/lightning/fla_state_save/decode,0.270,8,0.033752,0.032928,0.035200
L14/lightning/fla_state_save/prefill,0.519,28,0.018523,0.015424,0.041824
L14/lightning/fused_recurrent_gla/decode,0.884,8,0.110476,0.101760,0.121056
L14/lightning/fused_recurrent_gla/prefill,0.111,1,0.111392,0.111392,0.111392
L14/lightning/o_norm/decode,0.206,8,0.025800,0.024768,0.027104
L14/lightning/o_norm/prefill,8.260,28,0.295005,0.026112,0.347616
L14/lightning/o_proj/decode,0.261,8,0.032608,0.031136,0.035584
L14/lightning/o_proj/prefill,129.628,28,4.629579,0.033344,5.299648
L14/lightning/qk_norm/decode,0.323,8,0.040344,0.030304,0.046560
L14/lightning/qk_norm/prefill,72.184,28,2.577997,0.025760,2.925760
L14/lightning/qkv_proj/decode,0.328,8,0.041020,0.038944,0.047040
L14/lightning/qkv_proj/prefill,384.485,28,13.731615,0.047392,15.687680
L14/lightning/rope/decode,0.371,8,0.046340,0.045376,0.047552
L14/lightning/rope/prefill,90.864,28,3.245138,0.022112,3.684000
L14/lightning/sigmoid_gate/decode,0.358,8,0.044776,0.043360,0.048928
L14/lightning/sigmoid_gate/prefill,151.552,28,5.412554,0.046112,6.185472
L15/lightning-attn/attn/decode,4.234,8,0.529196,0.509184,0.552448
L15/lightning-attn/attn/prefill,902.032,28,32.215438,0.602496,37.059681
L15/lightning-attn/input_norm/decode,0.038,8,0.004704,0.003392,0.008288
L15/lightning-attn/input_norm/prefill,8.916,28,0.318426,0.006080,0.362560
L15/lightning-attn/mlp/decode,0.822,8,0.102808,0.099776,0.106880
L15/lightning-attn/mlp/prefill,1729.127,28,61.754542,0.103648,70.685089
L15/lightning-attn/post_attn_norm/decode,0.298,8,0.037288,0.035552,0.042976
L15/lightning-attn/post_attn_norm/prefill,30.418,28,1.086342,0.008544,1.230496
L15/lightning/chunk_simple_gla/prefill,61.269,27,2.269214,0.158720,3.516736
L15/lightning/fla_kernel/decode,1.759,8,0.219876,0.215488,0.231456
L15/lightning/fla_kernel/prefill,64.442,28,2.301494,0.271008,3.617152
L15/lightning/fla_state_load/decode,0.265,8,0.033132,0.032192,0.034336
L15/lightning/fla_state_load/prefill,1.571,28,0.056103,0.024288,0.091680
L15/lightning/fla_state_save/decode,0.275,8,0.034424,0.032544,0.037920
L15/lightning/fla_state_save/prefill,0.513,28,0.018333,0.013632,0.041248
L15/lightning/fused_recurrent_gla/decode,0.885,8,0.110580,0.101568,0.120896
L15/lightning/fused_recurrent_gla/prefill,0.157,1,0.156704,0.156704,0.156704
L15/lightning/o_norm/decode,0.208,8,0.025980,0.024864,0.027200
L15/lightning/o_norm/prefill,8.290,28,0.296080,0.027232,0.342848
L15/lightning/o_proj/decode,0.258,8,0.032232,0.031488,0.033664
L15/lightning/o_proj/prefill,129.885,28,4.638754,0.033536,5.301856
L15/lightning/qk_norm/decode,0.328,8,0.041048,0.030336,0.048832
L15/lightning/qk_norm/prefill,72.227,28,2.579536,0.025504,2.925888
L15/lightning/qkv_proj/decode,0.320,8,0.040024,0.037664,0.047552
L15/lightning/qkv_proj/prefill,384.703,28,13.739393,0.040768,15.703936
L15/lightning/rope/decode,0.379,8,0.047336,0.045856,0.049952
L15/lightning/rope/prefill,90.842,28,3.244341,0.022144,3.677856
L15/lightning/sigmoid_gate/decode,0.359,8,0.044932,0.043744,0.046912
L15/lightning/sigmoid_gate/prefill,151.404,28,5.407291,0.047808,6.173184
L16/minicpm4/attn/decode,2.228,8,0.278500,0.269344,0.294656
L16/minicpm4/attn/prefill,3999.456,28,142.837730,0.227264,361.236725
L16/minicpm4/attn_kernel/decode,0.918,8,0.114740,0.109216,0.119744
L16/minicpm4/attn_kernel/prefill,3570.136,28,127.504871,0.040416,343.805145
L16/minicpm4/input_norm/decode,0.031,8,0.003892,0.002784,0.005024
L16/minicpm4/input_norm/prefill,8.925,28,0.318760,0.004288,0.361408
L16/minicpm4/mlp/decode,0.819,8,0.102360,0.098976,0.112096
L16/minicpm4/mlp/prefill,1731.808,28,61.850292,0.106656,70.736160
L16/minicpm4/o_gate/decode,0.367,8,0.045880,0.043968,0.051488
L16/minicpm4/o_gate/prefill,150.207,28,5.364547,0.045536,6.128032
L16/minicpm4/o_proj/decode,0.266,8,0.033236,0.031136,0.037952
L16/minicpm4/o_proj/prefill,130.029,28,4.643903,0.034240,5.314048
L16/minicpm4/post_attn_norm/decode,0.287,8,0.035916,0.034272,0.039776
L16/minicpm4/post_attn_norm/prefill,30.445,28,1.087314,0.009088,1.234848
L16/minicpm4/qkv_proj/decode,0.282,8,0.035276,0.033856,0.038432
L16/minicpm4/qkv_proj/prefill,148.885,28,5.317335,0.038048,6.067904
L17/minicpm4/attn/decode,2.078,8,0.259696,0.252896,0.269600
L17/minicpm4/attn/prefill,4000.597,28,142.878462,0.233312,362.673431
L17/minicpm4/attn_kernel/decode,0.790,8,0.098740,0.092320,0.104352
L17/minicpm4/attn_kernel/prefill,3571.638,28,127.558503,0.040032,345.169342
L17/minicpm4/input_norm/decode,0.036,8,0.004528,0.003136,0.008064
L17/minicpm4/input_norm/prefill,8.946,28,0.319489,0.004096,0.362624
L17/minicpm4/mlp/decode,0.806,8,0.100748,0.098496,0.105984
L17/minicpm4/mlp/prefill,1733.108,28,61.896717,0.101504,70.765884
L17/minicpm4/o_gate/decode,0.353,8,0.044180,0.042016,0.048064
L17/minicpm4/o_gate/prefill,149.756,28,5.348416,0.044320,6.123936
L17/minicpm4/o_proj/decode,0.260,8,0.032444,0.031104,0.036480
L17/minicpm4/o_proj/prefill,130.067,28,4.645251,0.032640,5.313024
L17/minicpm4/post_attn_norm/decode,0.277,8,0.034656,0.033440,0.036576
L17/minicpm4/post_attn_norm/prefill,30.465,28,1.088022,0.010400,1.232768
L17/minicpm4/qkv_proj/decode,0.279,8,0.034840,0.033024,0.037344
L17/minicpm4/qkv_proj/prefill,148.977,28,5.320619,0.042752,6.078624
L18/lightning-attn/attn/decode,4.345,8,0.543072,0.518912,0.572960
L18/lightning-attn/attn/prefill,903.376,28,32.263412,0.596480,36.939137
L18/lightning-attn/input_norm/decode,0.042,8,0.005276,0.003808,0.009088
L18/lightning-attn/input_norm/prefill,8.928,28,0.318841,0.004416,0.362496
L18/lightning-attn/mlp/decode,0.811,8,0.101324,0.098304,0.106112
L18/lightning-attn/mlp/prefill,1733.189,28,61.899598,0.104256,70.963043
L18/lightning-attn/post_attn_norm/decode,0.302,8,0.037696,0.035968,0.039616
L18/lightning-attn/post_attn_norm/prefill,30.454,28,1.087635,0.008672,1.232800
L18/lightning/chunk_simple_gla/prefill,60.571,27,2.243364,0.166336,2.533248
L18/lightning/fla_kernel/decode,1.868,8,0.233520,0.225920,0.244960
L18/lightning/fla_kernel/prefill,64.506,28,2.303791,0.276832,2.953632
L18/lightning/fla_state_load/decode,0.292,8,0.036472,0.035264,0.038528
L18/lightning/fla_state_load/prefill,2.162,28,0.077223,0.030688,0.316832
L18/lightning/fla_state_save/decode,0.283,8,0.035348,0.034368,0.036320
L18/lightning/fla_state_save/prefill,0.518,28,0.018517,0.015264,0.042208
L18/lightning/fused_recurrent_gla/decode,0.956,8,0.119520,0.112960,0.127520
L18/lightning/fused_recurrent_gla/prefill,0.126,1,0.126432,0.126432,0.126432
L18/lightning/o_norm/decode,0.217,8,0.027148,0.025120,0.032352
L18/lightning/o_norm/prefill,8.229,28,0.293877,0.027744,0.340064
L18/lightning/o_proj/decode,0.279,8,0.034824,0.031328,0.040416
L18/lightning/o_proj/prefill,130.134,28,4.647640,0.034560,5.332384
L18/lightning/qk_norm/decode,0.316,8,0.039512,0.029728,0.047424
L18/lightning/qk_norm/prefill,72.121,28,2.575754,0.025600,2.923808
L18/lightning/qkv_proj/decode,0.307,8,0.038376,0.037280,0.040576
L18/lightning/qkv_proj/prefill,385.797,28,13.778462,0.038976,15.759360
L18/lightning/rope/decode,0.380,8,0.047460,0.046400,0.049056
L18/lightning/rope/prefill,90.970,28,3.248919,0.020096,3.684000
L18/lightning/sigmoid_gate/decode,0.369,8,0.046108,0.044192,0.049568
L18/lightning/sigmoid_gate/prefill,151.395,28,5.406973,0.047072,6.164704
L19/lightning-attn/attn/decode,4.391,8,0.548900,0.506112,0.579232
L19/lightning-attn/attn/prefill,901.453,28,32.194734,0.570240,36.671680
L19/lightning-attn/input_norm/decode,0.041,8,0.005076,0.003744,0.008608
L19/lightning-attn/input_norm/prefill,8.921,28,0.318591,0.006144,0.362624
L19/lightning-attn/mlp/decode,0.816,8,0.101996,0.100416,0.105056
L19/lightning-attn/mlp/prefill,1729.317,28,61.761307,0.103584,70.666435
L19/lightning-attn/post_attn_norm/decode,0.299,8,0.037352,0.036736,0.038048
L19/lightning-attn/post_attn_norm/prefill,30.445,28,1.087334,0.008960,1.234528
L19/lightning/chunk_simple_gla/prefill,60.439,27,2.238490,0.158816,2.530688
L19/lightning/fla_kernel/decode,1.912,8,0.239036,0.212640,0.265888
L19/lightning/fla_kernel/prefill,63.641,28,2.272880,0.253376,2.651488
L19/lightning/fla_state_load/decode,0.275,8,0.034328,0.032544,0.040224
L19/lightning/fla_state_load/prefill,1.649,28,0.058895,0.029344,0.119840
L19/lightning/fla_state_save/decode,0.277,8,0.034676,0.033152,0.036544
L19/lightning/fla_state_save/prefill,0.513,28,0.018306,0.015424,0.040224
L19/lightning/fused_recurrent_gla/decode,1.019,8,0.127380,0.105408,0.152640
L19/lightning/fused_recurrent_gla/prefill,0.114,1,0.113632,0.113632,0.113632
L19/lightning/o_norm/decode,0.210,8,0.026260,0.024704,0.027488
L19/lightning/o_norm/prefill,8.282,28,0.295775,0.027360,0.341344
L19/lightning/o_proj/decode,0.258,8,0.032196,0.030944,0.033984
L19/lightning/o_proj/prefill,129.627,28,4.629551,0.033248,5.307904
L19/lightning/qk_norm/decode,0.314,8,0.039228,0.029824,0.044128
L19/lightning/qk_norm/prefill,72.188,28,2.578131,0.025760,2.927520
L19/lightning/qkv_proj/decode,0.326,8,0.040812,0.038240,0.044832
L19/lightning/qkv_proj/prefill,385.176,28,13.756291,0.042080,15.691584
L19/lightning/rope/decode,0.386,8,0.048272,0.045536,0.052704
L19/lightning/rope/prefill,90.806,28,3.243065,0.022176,3.677856
L19/lightning/sigmoid_gate/decode,0.365,8,0.045576,0.043872,0.046976
L19/lightning/sigmoid_gate/prefill,151.503,28,5.410807,0.046400,6.187264
L20/lightning-attn/attn/decode,4.252,8,0.531556,0.511328,0.558144
L20/lightning-attn/attn/prefill,909.463,28,32.480833,0.578496,37.747169
L20/lightning-attn/input_norm/decode,0.043,8,0.005368,0.003968,0.007072
L20/lightning-attn/input_norm/prefill,8.929,28,0.318893,0.006016,0.364544
L20/lightning-attn/mlp/decode,0.820,8,0.102532,0.100096,0.106816
L20/lightning-attn/mlp/prefill,1727.132,28,61.683301,0.101632,70.600639
L20/lightning-attn/post_attn_norm/decode,0.301,8,0.037584,0.036544,0.039392
L20/lightning-attn/post_attn_norm/prefill,30.419,28,1.086378,0.009088,1.230976
L20/lightning/chunk_simple_gla/prefill,67.891,27,2.514465,0.152480,4.114112
L20/lightning/fla_kernel/decode,1.770,8,0.221272,0.214848,0.229984
L20/lightning/fla_kernel/prefill,71.102,28,2.539365,0.253280,4.217216
L20/lightning/fla_state_load/decode,0.268,8,0.033448,0.032000,0.036960
L20/lightning/fla_state_load/prefill,1.646,28,0.058794,0.028800,0.153760
L20/lightning/fla_state_save/decode,0.273,8,0.034096,0.032192,0.034944
L20/lightning/fla_state_save/prefill,0.515,28,0.018410,0.013600,0.039072
L20/lightning/fused_recurrent_gla/decode,0.893,8,0.111564,0.106624,0.116224
L20/lightning/fused_recurrent_gla/prefill,0.112,1,0.112384,0.112384,0.112384
L20/lightning/o_norm/decode,0.214,8,0.026692,0.025344,0.030304
L20/lightning/o_norm/prefill,8.307,28,0.296674,0.026272,0.347136
L20/lightning/o_proj/decode,0.260,8,0.032504,0.024384,0.037920
L20/lightning/o_proj/prefill,130.046,28,4.644491,0.033184,5.304800
L20/lightning/qk_norm/decode,0.314,8,0.039304,0.030144,0.044672
L20/lightning/qk_norm/prefill,72.214,28,2.579066,0.025536,2.925472
L20/lightning/qkv_proj/decode,0.329,8,0.041108,0.038240,0.046528
L20/lightning/qkv_proj/prefill,385.322,28,13.761499,0.042656,15.722432
L20/lightning/rope/decode,0.372,8,0.046520,0.045440,0.047776
L20/lightning/rope/prefill,90.899,28,3.246379,0.020096,3.675808
L20/lightning/sigmoid_gate/decode,0.366,8,0.045752,0.043456,0.053408
L20/lightning/sigmoid_gate/prefill,151.339,28,5.404963,0.046528,6.168064
L21/lightning-attn/attn/decode,4.216,8,0.527048,0.504512,0.549568
L21/lightning-attn/attn/prefill,901.688,28,32.203134,0.580992,36.643230
L21/lightning-attn/input_norm/decode,0.032,8,0.004060,0.002944,0.006752
L21/lightning-attn/input_norm/prefill,8.961,28,0.320023,0.005984,0.365568
L21/lightning-attn/mlp/decode,0.809,8,0.101072,0.098016,0.106272
L21/lightning-attn/mlp/prefill,1732.585,28,61.878041,0.101824,70.799744
L21/lightning-attn/post_attn_norm/decode,0.295,8,0.036840,0.035520,0.038304
L21/lightning-attn/post_attn_norm/prefill,30.463,28,1.087953,0.009056,1.232480
L21/lightning/chunk_simple_gla/prefill,60.483,27,2.240122,0.157952,2.762912
L21/lightning/fla_kernel/decode,1.770,8,0.221232,0.212160,0.229344
L21/lightning/fla_kernel/prefill,63.642,28,2.272922,0.263328,2.865536
L21/lightning/fla_state_load/decode,0.268,8,0.033480,0.031872,0.035744
L21/lightning/fla_state_load/prefill,1.589,28,0.056759,0.028608,0.074624
L21/lightning/fla_state_save/decode,0.273,8,0.034140,0.033568,0.035040
L21/lightning/fla_state_save/prefill,0.511,28,0.018235,0.013504,0.039264
L21/lightning/fused_recurrent_gla/decode,0.891,8,0.111316,0.104480,0.118656
L21/lightning/fused_recurrent_gla/prefill,0.120,1,0.119680,0.119680,0.119680
L21/lightning/o_norm/decode,0.208,8,0.025988,0.025248,0.027296
L21/lightning/o_norm/prefill,8.254,28,0.294781,0.026464,0.344736
L21/lightning/o_proj/decode,0.259,8,0.032388,0.031648,0.034176
L21/lightning/o_proj/prefill,129.882,28,4.638648,0.032032,5.303744
L21/lightning/qk_norm/decode,0.315,8,0.039416,0.029824,0.044800
L21/lightning/qk_norm/prefill,72.115,28,2.575551,0.025696,2.921632
L21/lightning/qkv_proj/decode,0.320,8,0.039964,0.038272,0.042784
L21/lightning/qkv_proj/prefill,384.862,28,13.745072,0.042208,15.710208
L21/lightning/rope/decode,0.371,8,0.046392,0.045760,0.047168
L21/lightning/rope/prefill,90.901,28,3.246459,0.022144,3.684000
L21/lightning/sigmoid_gate/decode,0.357,8,0.044640,0.042752,0.046848
L21/lightning/sigmoid_gate/prefill,151.774,28,5.420503,0.046816,6.185472
L22/minicpm4/attn/decode,2.244,8,0.280456,0.268576,0.297472
L22/minicpm4/attn/prefill,4032.285,28,144.010182,0.231360,364.501251
L22/minicpm4/attn_kernel/decode,0.922,8,0.115260,0.107488,0.123648
L22/minicpm4/attn_kernel/prefill,3602.564,28,128.662990,0.040896,346.999237
L22/minicpm4/input_norm/decode,0.051,8,0.006372,0.003072,0.011936
L22/minicpm4/input_norm/prefill,8.923,28,0.318683,0.006112,0.362528
L22/minicpm4/mlp/decode,0.809,8,0.101180,0.098720,0.107584
L22/minicpm4/mlp/prefill,1735.181,28,61.970763,0.101600,70.950211
L22/minicpm4/o_gate/decode,0.369,8,0.046088,0.044576,0.049824
L22/minicpm4/o_gate/prefill,150.328,28,5.368858,0.044672,6.140576
L22/minicpm4/o_proj/decode,0.259,8,0.032328,0.031072,0.034720
L22/minicpm4/o_proj/prefill,130.009,28,4.643178,0.032320,5.321120
L22/minicpm4/post_attn_norm/decode,0.283,8,0.035416,0.034400,0.037184
L22/minicpm4/post_attn_norm/prefill,30.458,28,1.087793,0.009312,1.233216
L22/minicpm4/qkv_proj/decode,0.298,8,0.037304,0.034400,0.040768
L22/minicpm4/qkv_proj/prefill,149.195,28,5.328394,0.037408,6.105088
L23/lightning-attn/attn/decode,4.457,8,0.557176,0.509088,0.595648
L23/lightning-attn/attn/prefill,902.261,28,32.223592,0.582272,36.658401
L23/lightning-attn/input_norm/decode,0.033,8,0.004108,0.003104,0.006464
L23/lightning-attn/input_norm/prefill,8.942,28,0.319342,0.004544,0.363616
L23/lightning-attn/mlp/decode,0.829,8,0.103572,0.099584,0.109824
L23/lightning-attn/mlp/prefill,1733.501,28,61.910751,0.104704,71.103424
L23/lightning-attn/post_attn_norm/decode,0.312,8,0.038968,0.036096,0.044160
L23/lightning-attn/post_attn_norm/prefill,30.435,28,1.086953,0.009376,1.230688
L23/lightning/chunk_simple_gla/prefill,60.402,27,2.237129,0.157632,2.543552
L23/lightning/fla_kernel/decode,1.973,8,0.246584,0.219488,0.269792
L23/lightning/fla_kernel/prefill,63.758,28,2.277062,0.260928,2.669952
L23/lightning/fla_state_load/decode,0.290,8,0.036272,0.033408,0.038688
L23/lightning/fla_state_load/prefill,1.747,28,0.062403,0.023072,0.115872
L23/lightning/fla_state_save/decode,0.282,8,0.035312,0.034368,0.037152
L23/lightning/fla_state_save/prefill,0.513,28,0.018334,0.015360,0.040320
L23/lightning/fused_recurrent_gla/decode,0.944,8,0.117952,0.110176,0.126720
L23/lightning/fused_recurrent_gla/prefill,0.120,1,0.120192,0.120192,0.120192
L23/lightning/o_norm/decode,0.210,8,0.026260,0.025600,0.027616
L23/lightning/o_norm/prefill,8.248,28,0.294576,0.027136,0.346816
L23/lightning/o_proj/decode,0.277,8,0.034644,0.031264,0.043456
L23/lightning/o_proj/prefill,129.899,28,4.639256,0.032320,5.316096
L23/lightning/qk_norm/decode,0.308,8,0.038536,0.028992,0.044480
L23/lightning/qk_norm/prefill,72.156,28,2.577011,0.025888,2.922784
L23/lightning/qkv_proj/decode,0.310,8,0.038704,0.030944,0.044256
L23/lightning/qkv_proj/prefill,385.263,28,13.759402,0.041312,15.719008
L23/lightning/rope/decode,0.383,8,0.047920,0.046784,0.052640
L23/lightning/rope/prefill,90.934,28,3.247655,0.022144,3.679904
L23/lightning/sigmoid_gate/decode,0.372,8,0.046472,0.043136,0.051744
L23/lightning/sigmoid_gate/prefill,151.774,28,5.420482,0.045792,6.189600
L24/lightning-attn/attn/decode,4.281,8,0.535076,0.507680,0.554016
L24/lightning-attn/attn/prefill,901.596,28,32.199841,0.581856,36.645058
L24/lightning-attn/input_norm/decode,0.034,8,0.004284,0.003072,0.006176
L24/lightning-attn/input_norm/prefill,8.913,28,0.318311,0.005728,0.361504
L24/lightning-attn/mlp/decode,0.811,8,0.101372,0.099008,0.104672
L24/lightning-attn/mlp/prefill,1729.495,28,61.767676,0.103360,70.553535
L24/lightning-attn/post_attn_norm/decode,0.296,8,0.036988,0.036288,0.037792
L24/lightning-attn/post_attn_norm/prefill,30.436,28,1.086998,0.009088,1.230464
L24/lightning/chunk_simple_gla/prefill,60.145,27,2.227579,0.150656,2.537440
L24/lightning/fla_kernel/decode,1.794,8,0.224280,0.213312,0.233152
L24/lightning/fla_kernel/prefill,63.196,28,2.256990,0.264192,2.646432
L24/lightning/fla_state_load/decode,0.270,8,0.033764,0.032576,0.034912
L24/lightning/fla_state_load/prefill,1.526,28,0.054505,0.027488,0.067264
L24/lightning/fla_state_save/decode,0.274,8,0.034196,0.033312,0.035232
L24/lightning/fla_state_save/prefill,0.515,28,0.018391,0.013632,0.042112
L24/lightning/fused_recurrent_gla/decode,0.907,8,0.113388,0.104928,0.122048
L24/lightning/fused_recurrent_gla/prefill,0.116,1,0.116256,0.116256,0.116256
L24/lightning/o_norm/decode,0.206,8,0.025792,0.018688,0.032256
L24/lightning/o_norm/prefill,8.254,28,0.294783,0.027104,0.342016
L24/lightning/o_proj/decode,0.260,8,0.032516,0.031104,0.035328
L24/lightning/o_proj/prefill,129.788,28,4.635285,0.033440,5.291424
L24/lightning/qk_norm/decode,0.319,8,0.039924,0.030304,0.044160
L24/lightning/qk_norm/prefill,72.195,28,2.578403,0.025728,2.927008
L24/lightning/qkv_proj/decode,0.322,8,0.040300,0.038304,0.043424
L24/lightning/qkv_proj/prefill,385.438,28,13.765640,0.042592,15.728640
L24/lightning/rope/decode,0.375,8,0.046936,0.046080,0.047840
L24/lightning/rope/prefill,90.906,28,3.246625,0.022144,3.681952
L24/lightning/sigmoid_gate/decode,0.365,8,0.045656,0.043744,0.048096
L24/lightning/sigmoid_gate/prefill,151.582,28,5.413632,0.047392,6.181408
L25/lightning-attn/attn/decode,4.257,8,0.532164,0.506464,0.556160
L25/lightning-attn/attn/prefill,901.346,28,32.190919,0.568832,36.649120
L25/lightning-attn/input_norm/decode,0.034,8,0.004200,0.003072,0.006336
L25/lightning-attn/input_norm/prefill,8.925,28,0.318760,0.008000,0.365568
L25/lightning-attn/mlp/decode,0.819,8,0.102412,0.099424,0.105984
L25/lightning-attn/mlp/prefill,1730.909,28,61.818166,0.101632,70.652191
L25/lightning-attn/post_attn_norm/decode,0.296,8,0.036960,0.036160,0.037760
L25/lightning-attn/post_attn_norm/prefill,30.440,28,1.087141,0.009088,1.232288
L25/lightning/chunk_simple_gla/prefill,60.147,27,2.227669,0.154880,2.535296
L25/lightning/fla_kernel/decode,1.775,8,0.221832,0.210912,0.228160
L25/lightning/fla_kernel/prefill,63.234,28,2.258360,0.249120,2.648480
L25/lightning/fla_state_load/decode,0.271,8,0.033928,0.032064,0.037120
L25/lightning/fla_state_load/prefill,1.564,28,0.055855,0.030048,0.074464
L25/lightning/fla_state_save/decode,0.273,8,0.034168,0.032768,0.034816
L25/lightning/fla_state_save/prefill,0.509,28,0.018186,0.013568,0.039936
L25/lightning/fused_recurrent_gla/decode,0.895,8,0.111920,0.103264,0.115488
L25/lightning/fused_recurrent_gla/prefill,0.112,1,0.111584,0.111584,0.111584
L25/lightning/o_norm/decode,0.214,8,0.026700,0.024800,0.031872
L25/lightning/o_norm/prefill,8.260,28,0.294995,0.027776,0.343136
L25/lightning/o_proj/decode,0.261,8,0.032612,0.030656,0.035808
L25/lightning/o_proj/prefill,129.698,28,4.632079,0.032768,5.287424
L25/lightning/qk_norm/decode,0.317,8,0.039612,0.030176,0.044576
L25/lightning/qk_norm/prefill,72.218,28,2.579200,0.025728,2.927808
L25/lightning/qkv_proj/decode,0.324,8,0.040452,0.037952,0.048576
L25/lightning/qkv_proj/prefill,385.161,28,13.755766,0.041984,15.738656
L25/lightning/rope/decode,0.388,8,0.048544,0.046112,0.052128
L25/lightning/rope/prefill,90.921,28,3.247184,0.022144,3.679904
L25/lightning/sigmoid_gate/decode,0.360,8,0.044976,0.043552,0.047424
L25/lightning/sigmoid_gate/prefill,151.612,28,5.414722,0.046336,6.181408
L26/lightning-attn/attn/decode,4.236,8,0.529444,0.504800,0.554752
L26/lightning-attn/attn/prefill,901.877,28,32.209891,0.554560,36.726398
L26/lightning-attn/input_norm/decode,0.037,8,0.004588,0.002848,0.007424
L26/lightning-attn/input_norm/prefill,8.939,28,0.319235,0.006112,0.363424
L26/lightning-attn/mlp/decode,0.814,8,0.101792,0.097376,0.106304
L26/lightning-attn/mlp/prefill,1730.699,28,61.810679,0.106208,70.660416
L26/lightning-attn/post_attn_norm/decode,0.305,8,0.038176,0.036384,0.042720
L26/lightning-attn/post_attn_norm/prefill,30.451,28,1.087539,0.008864,1.232768
L26/lightning/chunk_simple_gla/prefill,60.408,27,2.237342,0.151072,2.534624
L26/lightning/fla_kernel/decode,1.769,8,0.221080,0.206432,0.234944
L26/lightning/fla_kernel/prefill,63.518,28,2.268486,0.252480,2.643360
L26/lightning/fla_state_load/decode,0.266,8,0.033200,0.031296,0.035808
L26/lightning/fla_state_load/prefill,1.522,28,0.054375,0.026016,0.070368
L26/lightning/fla_state_save/decode,0.274,8,0.034304,0.032480,0.036192
L26/lightning/fla_state_save/prefill,0.531,28,0.018975,0.015456,0.039360
L26/lightning/fused_recurrent_gla/decode,0.884,8,0.110456,0.100352,0.121888
L26/lightning/fused_recurrent_gla/prefill,0.110,1,0.110432,0.110432,0.110432
L26/lightning/o_norm/decode,0.200,8,0.025008,0.019360,0.027936
L26/lightning/o_norm/prefill,8.219,28,0.293519,0.025952,0.343328
L26/lightning/o_proj/decode,0.259,8,0.032432,0.031328,0.034112
L26/lightning/o_proj/prefill,130.031,28,4.643982,0.032416,5.318016
L26/lightning/qk_norm/decode,0.316,8,0.039532,0.029504,0.044640
L26/lightning/qk_norm/prefill,72.204,28,2.578728,0.025600,2.927712
L26/lightning/qkv_proj/decode,0.322,8,0.040240,0.038528,0.043360
L26/lightning/qkv_proj/prefill,385.065,28,13.752311,0.041696,15.734528
L26/lightning/rope/decode,0.371,8,0.046356,0.045600,0.047296
L26/lightning/rope/prefill,90.910,28,3.246786,0.022144,3.679904
L26/lightning/sigmoid_gate/decode,0.367,8,0.045868,0.043232,0.048832
L26/lightning/sigmoid_gate/prefill,151.711,28,5.418249,0.044256,6.193664
L27/lightning-attn/attn/decode,4.235,8,0.529336,0.509504,0.544928
L27/lightning-attn/attn/prefill,901.084,28,32.181559,0.567232,36.590942
L27/lightning-attn/input_norm/decode,0.046,8,0.005768,0.002752,0.008064
L27/lightning-attn/input_norm/prefill,8.918,28,0.318498,0.004800,0.364416
L27/lightning-attn/mlp/decode,0.828,8,0.103560,0.101152,0.108576
L27/lightning-attn/mlp/prefill,1727.480,28,61.695710,0.104544,70.539520
L27/lightning-attn/post_attn_norm/decode,0.300,8,0.037468,0.035424,0.042976
L27/lightning-attn/post_attn_norm/prefill,30.452,28,1.087563,0.009056,1.232800
L27/lightning/chunk_simple_gla/prefill,60.294,27,2.233100,0.149984,2.547936
L27/lightning/fla_kernel/decode,1.769,8,0.221092,0.212736,0.233056
L27/lightning/fla_kernel/prefill,63.434,28,2.265490,0.250144,2.654656
L27/lightning/fla_state_load/decode,0.268,8,0.033468,0.032576,0.034848
L27/lightning/fla_state_load/prefill,1.520,28,0.054287,0.023968,0.072896
L27/lightning/fla_state_save/decode,0.274,8,0.034200,0.033024,0.035936
L27/lightning/fla_state_save/prefill,0.539,28,0.019245,0.013472,0.039072
L27/lightning/fused_recurrent_gla/decode,0.897,8,0.112072,0.104224,0.119904
L27/lightning/fused_recurrent_gla/prefill,0.109,1,0.108832,0.108832,0.108832
L27/lightning/o_norm/decode,0.207,8,0.025908,0.024768,0.026720
L27/lightning/o_norm/prefill,8.248,28,0.294581,0.026752,0.343200
L27/lightning/o_proj/decode,0.261,8,0.032644,0.030784,0.034784
L27/lightning/o_proj/prefill,129.704,28,4.632278,0.032672,5.289504
L27/lightning/qk_norm/decode,0.314,8,0.039304,0.029696,0.045024
L27/lightning/qk_norm/prefill,72.281,28,2.581448,0.025600,2.931904
L27/lightning/qkv_proj/decode,0.325,8,0.040580,0.038528,0.042944
L27/lightning/qkv_proj/prefill,384.366,28,13.727351,0.041376,15.654848
L27/lightning/rope/decode,0.369,8,0.046124,0.044960,0.046912
L27/lightning/rope/prefill,90.800,28,3.242858,0.022144,3.674784
L27/lightning/sigmoid_gate/decode,0.358,8,0.044808,0.042656,0.047104
L27/lightning/sigmoid_gate/prefill,152.016,28,5.429147,0.045280,6.195520
L28/lightning-attn/attn/decode,4.246,8,0.530728,0.514112,0.545792
L28/lightning-attn/attn/prefill,902.584,28,32.235159,0.567680,36.770336
L28/lightning-attn/input_norm/decode,0.040,8,0.004964,0.002720,0.008384
L28/lightning-attn/input_norm/prefill,8.939,28,0.319256,0.005792,0.364544
L28/lightning-attn/mlp/decode,0.824,8,0.103036,0.100032,0.106432
L28/lightning-attn/mlp/prefill,1729.693,28,61.774758,0.102688,70.640160
L28/lightning-attn/post_attn_norm/decode,0.307,8,0.038356,0.035232,0.043968
L28/lightning-attn/post_attn_norm/prefill,30.446,28,1.087347,0.008832,1.232512
L28/lightning/chunk_simple_gla/prefill,60.495,27,2.240564,0.148288,2.540096
L28/lightning/fla_kernel/decode,1.758,8,0.219808,0.210432,0.228192
L28/lightning/fla_kernel/prefill,63.632,28,2.272554,0.243040,2.670976
L28/lightning/fla_state_load/decode,0.273,8,0.034160,0.032032,0.036192
L28/lightning/fla_state_load/prefill,1.595,28,0.056957,0.025312,0.123104
L28/lightning/fla_state_save/decode,0.270,8,0.033732,0.032704,0.035008
L28/lightning/fla_state_save/prefill,0.511,28,0.018257,0.013664,0.038464
L28/lightning/fused_recurrent_gla/decode,0.882,8,0.110204,0.103264,0.118016
L28/lightning/fused_recurrent_gla/prefill,0.108,1,0.108256,0.108256,0.108256
L28/lightning/o_norm/decode,0.207,8,0.025840,0.024864,0.027200
L28/lightning/o_norm/prefill,8.251,28,0.294663,0.027168,0.341120
L28/lightning/o_proj/decode,0.260,8,0.032440,0.031392,0.034176
L28/lightning/o_proj/prefill,130.132,28,4.647565,0.037664,5.307552
L28/lightning/qk_norm/decode,0.345,8,0.043140,0.032128,0.048576
L28/lightning/qk_norm/prefill,72.373,28,2.584736,0.025376,2.929664
L28/lightning/qkv_proj/decode,0.319,8,0.039920,0.038272,0.041984
L28/lightning/qkv_proj/prefill,385.013,28,13.750480,0.041408,15.732512
L28/lightning/rope/decode,0.382,8,0.047728,0.045952,0.049440
L28/lightning/rope/prefill,90.878,28,3.245656,0.020096,3.678848
L28/lightning/sigmoid_gate/decode,0.361,8,0.045144,0.043616,0.046720
L28/lightning/sigmoid_gate/prefill,152.085,28,5.431622,0.045440,6.197760
L29/minicpm4/attn/decode,2.268,8,0.283452,0.266912,0.298240
L29/minicpm4/attn/prefill,4050.924,28,144.675848,0.227264,366.247162
L29/minicpm4/attn_kernel/decode,0.932,8,0.116528,0.107552,0.123360
L29/minicpm4/attn_kernel/prefill,3619.536,28,129.269133,0.040352,348.700134
L29/minicpm4/input_norm/decode,0.034,8,0.004232,0.003040,0.005856
L29/minicpm4/input_norm/prefill,8.948,28,0.319579,0.004864,0.363552
L29/minicpm4/mlp/decode,0.816,8,0.102012,0.098752,0.107104
L29/minicpm4/mlp/prefill,1738.970,28,62.106071,0.101792,71.047295
L29/minicpm4/o_gate/decode,0.375,8,0.046868,0.044032,0.052288
L29/minicpm4/o_gate/prefill,150.389,28,5.371019,0.043904,6.141632
L29/minicpm4/o_proj/decode,0.274,8,0.034240,0.031680,0.037632
L29/minicpm4/o_proj/prefill,131.756,28,4.705558,0.034304,5.380640
L29/minicpm4/post_attn_norm/decode,0.286,8,0.035752,0.033408,0.037088
L29/minicpm4/post_attn_norm/prefill,30.443,28,1.087237,0.008960,1.232448
L29/minicpm4/qkv_proj/decode,0.285,8,0.035628,0.033888,0.038432
L29/minicpm4/qkv_proj/prefill,149.063,28,5.323687,0.037280,6.074528
L30/minicpm4/attn/decode,2.099,8,0.262424,0.252768,0.272256
L30/minicpm4/attn/prefill,4065.116,28,145.182730,0.225280,367.226135
L30/minicpm4/attn_kernel/decode,0.799,8,0.099832,0.095456,0.102176
L30/minicpm4/attn_kernel/prefill,3633.178,28,129.756360,0.040000,349.641144
L30/minicpm4/input_norm/decode,0.054,8,0.006728,0.003072,0.013536
L30/minicpm4/input_norm/prefill,8.963,28,0.320098,0.005824,0.365280
L30/minicpm4/mlp/decode,0.798,8,0.099732,0.097696,0.103552
L30/minicpm4/mlp/prefill,1742.409,28,62.228899,0.101024,71.206238
L30/minicpm4/o_gate/decode,0.352,8,0.044000,0.041600,0.046464
L30/minicpm4/o_gate/prefill,150.737,28,5.383463,0.042016,6.162944
L30/minicpm4/o_proj/decode,0.253,8,0.031648,0.030336,0.033280
L30/minicpm4/o_proj/prefill,132.030,28,4.715352,0.032064,5.402976
L30/minicpm4/post_attn_norm/decode,0.275,8,0.034412,0.033600,0.036096
L30/minicpm4/post_attn_norm/prefill,30.460,28,1.087867,0.009248,1.234560
L30/minicpm4/qkv_proj/decode,0.288,8,0.035964,0.034272,0.038560
L30/minicpm4/qkv_proj/prefill,148.987,28,5.320959,0.036992,6.065920
L31/minicpm4/attn/decode,2.524,8,0.315552,0.245952,0.753632
L31/minicpm4/attn/prefill,4064.440,28,145.158585,0.231488,367.845795
L31/minicpm4/attn_kernel/decode,0.788,8,0.098544,0.090016,0.121184
L31/minicpm4/attn_kernel/prefill,3630.359,28,129.655687,0.040736,350.198456
L31/minicpm4/input_norm/decode,0.043,8,0.005356,0.002976,0.010592
L31/minicpm4/input_norm/prefill,8.951,28,0.319691,0.004416,0.365696
L31/minicpm4/mlp/decode,0.808,8,0.100956,0.098304,0.106528
L31/minicpm4/mlp/prefill,1752.518,28,62.589945,0.102592,71.613632
L31/minicpm4/o_gate/decode,0.351,8,0.043840,0.040896,0.051616
L31/minicpm4/o_gate/prefill,151.214,28,5.400482,0.041728,6.167200
L31/minicpm4/o_proj/decode,0.256,8,0.032024,0.030368,0.036096
L31/minicpm4/o_proj/prefill,132.926,28,4.747346,0.032640,5.431776
L31/minicpm4/post_attn_norm/decode,0.276,8,0.034504,0.033056,0.039232
L31/minicpm4/post_attn_norm/prefill,30.445,28,1.087312,0.008864,1.232096
L31/minicpm4/qkv_proj/decode,0.728,8,0.091048,0.031904,0.490496
L31/minicpm4/qkv_proj/prefill,149.782,28,5.349339,0.035424,6.121024
model/embed/decode,22.049,8,2.756156,0.059488,21.431936
model/embed/prefill,16.065,28,0.573765,0.101504,1.504608
model/final_norm/decode,0.035,8,0.004408,0.002752,0.009568
model/final_norm/prefill,8.919,28,0.318539,0.004096,0.362112
model/logits/decode,55.817,8,6.977136,0.418944,46.010494
model/logits/prefill,12.252,28,0.437568,0.394240,0.573440
